CODAGENTE,NOMEDOGRUPO,CODGRUPO,VOLUME,FATURAMENTO,CODEMPRESA
572,COMBUSTIVEIS LIQUIDOS,1000,3467.9242,14122.95,2
572,AGENTE REDUTOR,2,24.87,74.36,2
572,COMBUSTIVEIS -  GNV,25,17.0741,79.05,2
573,COMBUSTIVEIS LIQUIDOS,1,5736.6897,33993.74,2
573,AGENTE REDUTOR,2,102.7631,307.26,2
573,LUBRIFICANTES,4,4.0,107.96,2
573,LIMPEZA E CONSERVACAO,21,1.0,20.16,2
575,COMBUSTIVEIS LIQUIDOS,1,1769.3372,10088.44,2
579,COMBUSTIVEIS LIQUIDOS,1,9255.4119,53160.63,2
579,AGENTE REDUTOR,2,361.2598,1250.24,2
579,LUBRIFICANTES,4,2.0,163.98,2
579,ADITIVOS E FLUIDOS,5,2.0,55.59,2
579,PECAS E ACESSORIOS VEICULO ,10,3.0,114.0,2
579,LIMPEZA E CONSERVACAO,21,6.0,74.26,2
584,COMBUSTIVEIS LIQUIDOS,1,1637.8754,9275.15,2
584,LUBRIFICANTES,4,2.0,57.98,2
584,ADITIVOS E FLUIDOS,5,3.0,92.0,2
584,DIVERSOS GERAIS - VEICULOS,8,5.0,73.99,2
584,LIMPEZA E CONSERVACAO,21,1.0,17.99,2
584,COMBUSTIVEIS -  GNV,25,22.899,106.02,2
596,COMBUSTIVEIS LIQUIDOS,1,496.3565,2858.53,2
610,COMBUSTIVEIS LIQUIDOS,1,1519.3437,8517.93,2
610,AGENTE REDUTOR,2,22.0201,65.84,2
610,LUBRIFICANTES,4,10.0,446.91,2
610,ADITIVOS E FLUIDOS,5,2.0,72.0,2
610,FILTROS DE OLEO E AR,6,2.0,386.5,2
610,FILTROS DE COMBUSTIVEIS,7,4.0,417.98,2
616,COMBUSTIVEIS LIQUIDOS,1,2874.6597,16462.61,2
616,LUBRIFICANTES,4,1.0,32.0,2
616,ADITIVOS E FLUIDOS,5,8.0,629.03,2
616,DIVERSOS GERAIS - VEICULOS,8,4.0,40.97,2
616,LIMPEZA E CONSERVACAO,21,2.0,34.98,2
616,PALHETA AUTOMOTIVA,29,25.0,804.42,2
617,COMBUSTIVEIS LIQUIDOS,1,7148.4868,40923.49,2
617,AGENTE REDUTOR,2,240.8238,806.97,2
617,LUBRIFICANTES,4,3.0,372.98,2
617,ADITIVOS E FLUIDOS,5,1.0,28.99,2
623,COMBUSTIVEIS LIQUIDOS,1,290.5873,1625.65,2
624,COMBUSTIVEIS LIQUIDOS,1,2163.7835,12152.24,2
624,COMBUSTIVEIS -  GNV,25,14.841,68.71,2
634,COMBUSTIVEIS LIQUIDOS,1,3791.2489,21360.81,2
634,LUBRIFICANTES,4,6.0,218.94,2
634,ADITIVOS E FLUIDOS,5,12.0,465.56,2
634,DIVERSOS GERAIS - VEICULOS,8,2.0,15.98,2
634,LIMPEZA E CONSERVACAO,21,2.0,27.98,2
634,PALHETA AUTOMOTIVA,29,2.0,68.0,2
637,COMBUSTIVEIS LIQUIDOS,1,27.6877,165.1,2
637,COMBUSTIVEIS -  GNV,25,1245.4103,5766.15,2
679,COMBUSTIVEIS LIQUIDOS,1,1412.1003,7876.48,2
679,LUBRIFICANTES,4,2.0,177.98,2
679,ADITIVOS E FLUIDOS,5,9.0,394.93,2
679,FILTROS DE COMBUSTIVEIS,7,1.0,99.99,2
679,DIVERSOS GERAIS - VEICULOS,8,1.0,17.0,2
679,LIMPEZA E CONSERVACAO,21,1.0,9.99,2
712,COMBUSTIVEIS LIQUIDOS,1,30.9519,146.64,2
723,COMBUSTIVEIS LIQUIDOS,1,1787.4414,10071.83,2
723,LUBRIFICANTES,4,1.0,27.99,2
723,ADITIVOS E FLUIDOS,5,16.0,702.85,2
723,DIVERSOS GERAIS - VEICULOS,8,2.0,39.0,2
723,LIMPEZA E CONSERVACAO,21,2.0,48.99,2
1240,COMBUSTIVEIS LIQUIDOS,1,396.4101,2279.85,2
1240,LUBRIFICANTES,4,34.0,4776.67,2
1240,ADITIVOS E FLUIDOS,5,8.0,316.14,2
1240,FILTROS DE OLEO E AR,6,17.0,2071.8,2
1240,FILTROS DE COMBUSTIVEIS,7,14.0,1955.75,2
1240,LIMPEZA E CONSERVACAO,21,1.0,20.16,2
1431,SORVETES,26,5.0,31.0,2
2483,COMBUSTIVEIS LIQUIDOS,1,5227.7346,29977.3,2
2483,AGENTE REDUTOR,2,24.4014,72.96,2
2483,LUBRIFICANTES,4,2.0,75.98,2
2483,LIMPEZA E CONSERVACAO,21,1.0,25.0,2
4627,COMBUSTIVEIS LIQUIDOS,1,5904.8679,33658.03,2
4627,LUBRIFICANTES,4,9.0,286.93,2
4627,ADITIVOS E FLUIDOS,5,11.0,414.94,2
4627,DIVERSOS GERAIS - VEICULOS,8,2.0,15.98,2
4627,LIMPEZA E CONSERVACAO,21,1.0,31.0,2
4627,COMBUSTIVEIS -  GNV,25,18.689,86.53,2
4627,PALHETA AUTOMOTIVA,29,18.0,555.44,2
6149,COMBUSTIVEIS LIQUIDOS,1,8072.4688,46482.62,2
6149,AGENTE REDUTOR,2,340.0442,1016.73,2
6149,ADITIVOS E FLUIDOS,5,1.0,71.99,2
6149,DIVERSOS GERAIS - VEICULOS,8,1.0,18.91,2
6149,LIMPEZA E CONSERVACAO,21,2.0,31.33,2
6151,COMBUSTIVEIS LIQUIDOS,1,14016.7067,81088.36,2
6151,AGENTE REDUTOR,2,250.6703,830.37,2
6151,LUBRIFICANTES,4,11.0,444.46,2
6151,ADITIVOS E FLUIDOS,5,3.0,248.08,2
6151,FILTROS DE OLEO E AR,6,1.0,143.0,2
6151,PECAS E ACESSORIOS VEICULO ,10,3.0,114.0,2
6151,LIMPEZA E CONSERVACAO,21,5.0,94.95,2
6153,COMBUSTIVEIS LIQUIDOS,1,267.9482,1501.64,2
10872,SORVETES,26,12.0,81.0,2
11264,COMBUSTIVEIS LIQUIDOS,1,172.8422,1000.75,2
12008,COMBUSTIVEIS LIQUIDOS,1,3790.4237,21199.85,2
12008,LUBRIFICANTES,4,3.0,115.97,2
12008,ADITIVOS E FLUIDOS,5,7.0,275.16,2
12008,LIMPEZA E CONSERVACAO,21,4.0,102.32,2
12008,PALHETA AUTOMOTIVA,29,2.0,63.0,2
13165,COMBUSTIVEIS LIQUIDOS,1,1100.437,6242.33,2
13165,LUBRIFICANTES,4,1.0,32.0,2
13165,DIVERSOS GERAIS - VEICULOS,8,1.0,26.0,2
13165,LIMPEZA E CONSERVACAO,21,2.0,26.98,2
14503,COMBUSTIVEIS LIQUIDOS,1,612.0451,3473.66,2
15070,DIVERSOS GERAIS - VEICULOS,8,3.0,50.22,2
15070,LIMPEZA E CONSERVACAO,21,9.0,136.09,2
16905,HIGIENE PESSOAL,20,3.0,16.5,2
16905,SORVETES,26,44.0,293.0,2
19799,COMBUSTIVEIS LIQUIDOS,1,4049.544,22964.12,2
19799,ADITIVOS E FLUIDOS,5,4.0,117.67,2
19799,DIVERSOS GERAIS - VEICULOS,8,3.0,41.98,2
19799,LIMPEZA E CONSERVACAO,21,6.0,113.96,2
19799,COMBUSTIVEIS -  GNV,25,366.0569,1691.67,2
19799,PALHETA AUTOMOTIVA,29,4.0,192.0,2
21496,COMBUSTIVEIS LIQUIDOS,1,12404.8629,71491.69,2
21496,AGENTE REDUTOR,2,242.8412,726.09,2
21496,LUBRIFICANTES,4,5.0,219.96,2
21496,ADITIVOS E FLUIDOS,5,3.0,163.57,2
21496,PECAS E ACESSORIOS VEICULO ,10,1.0,38.0,2
21496,LIMPEZA E CONSERVACAO,21,3.0,74.31,2
23853,COMBUSTIVEIS LIQUIDOS,1,21.8491,130.0,2
23853,LUBRIFICANTES,4,4.0,82.93,2
23853,ADITIVOS E FLUIDOS,5,2.0,41.4,2
23853,COMBUSTIVEIS -  GNV,25,2354.466,10858.72,2
24302,COMBUSTIVEIS LIQUIDOS,1,4787.4654,27263.97,2
24302,AGENTE REDUTOR,2,112.85,424.33,2
24302,LUBRIFICANTES,4,1.0,26.99,2
24302,LIMPEZA E CONSERVACAO,21,3.0,58.88,2
26003,COMBUSTIVEIS LIQUIDOS,1,1852.0337,10329.71,2
26003,LUBRIFICANTES,4,1.0,41.0,2
28423,COMBUSTIVEIS LIQUIDOS,1,145.7782,753.64,2
28423,LUBRIFICANTES,4,1.0,22.99,2
28423,COMBUSTIVEIS -  GNV,25,1310.2692,5997.72,2
28426,COMBUSTIVEIS LIQUIDOS,1,425.2834,2435.52,2
28426,LUBRIFICANTES,4,1.0,41.0,2
28426,LIMPEZA E CONSERVACAO,21,3.0,35.7,2
28426,COMBUSTIVEIS -  GNV,25,1361.1568,6302.07,2
28929,LUBRIFICANTES,4,7.0,175.94,2
28929,ADITIVOS E FLUIDOS,5,1.0,36.0,2
28929,COMBUSTIVEIS -  GNV,25,3046.3452,14050.85,2
28931,COMBUSTIVEIS LIQUIDOS,1,6942.8205,40419.13,2
28931,AGENTE REDUTOR,2,160.901,481.09,2
28931,LUBRIFICANTES,4,1.0,38.0,2
28931,LIMPEZA E CONSERVACAO,21,1.0,7.99,2
28932,COMBUSTIVEIS LIQUIDOS,1,8432.7298,48720.65,2
28932,AGENTE REDUTOR,2,92.82,277.53,2
28932,LUBRIFICANTES,4,15.0,415.85,2
28932,LIMPEZA E CONSERVACAO,21,1.0,20.16,2
28934,COMBUSTIVEIS LIQUIDOS,1,2573.1575,14801.79,2
28934,AGENTE REDUTOR,2,36.4633,106.38,2
28934,LUBRIFICANTES,4,2.0,49.98,2
28934,COMBUSTIVEIS -  GNV,25,139.246,628.99,2
30211,LUBRIFICANTES,4,2.0,45.98,2
30211,DIVERSOS GERAIS - VEICULOS,8,1.0,7.99,2
30211,LIMPEZA E CONSERVACAO,21,3.0,46.63,2
30211,COMBUSTIVEIS -  GNV,25,1504.1255,6964.01,2
34195,CONVENIENCIA,3,2.0,11.98,2
34195,HIGIENE PESSOAL,20,4.0,49.69,2
34195,SORVETES,26,37.0,253.0,2
725,COMBUSTIVEIS LIQUIDOS,1,5541.2429,33290.77,4
725,AGENTE REDUTOR,2,80.0939,239.48,4
725,LUBRIFICANTES,4,7.0,1416.96,4
725,ADITIVOS E FLUIDOS,5,4.0,273.96,4
725,FILTROS DE OLEO E AR,6,2.0,85.49,4
725,FILTROS DE COMBUSTIVEIS,7,1.0,81.0,4
725,LIMPEZA E CONSERVACAO,21,1.0,15.99,4
727,COMBUSTIVEIS LIQUIDOS,1,3205.7375,19012.19,4
727,AGENTE REDUTOR,2,246.0005,731.14,4
727,LUBRIFICANTES,4,5.0,332.97,4
727,ADITIVOS E FLUIDOS,5,3.0,178.98,4
727,PECAS E ACESSORIOS VEICULO ,10,1.0,27.0,4
727,LIMPEZA E CONSERVACAO,21,5.0,99.46,4
728,COMBUSTIVEIS LIQUIDOS,1,7383.379,42534.12,4
728,AGENTE REDUTOR,2,184.6408,552.07,4
728,LUBRIFICANTES,4,9.0,309.92,4
728,ADITIVOS E FLUIDOS,5,1.0,13.99,4
728,DIVERSOS GERAIS - VEICULOS,8,1.0,29.99,4
728,PECAS E ACESSORIOS VEICULO ,10,1.0,38.0,4
728,LIMPEZA E CONSERVACAO,21,1.0,20.98,4
821,COMBUSTIVEIS LIQUIDOS,1,1639.28,9160.03,4
821,LUBRIFICANTES,4,2.0,53.98,4
825,COMBUSTIVEIS LIQUIDOS,1,2490.903,14486.28,4
825,AGENTE REDUTOR,2,64.0201,278.42,4
825,LUBRIFICANTES,4,7.0,689.93,4
825,ADITIVOS E FLUIDOS,5,4.0,128.96,4
825,DIVERSOS GERAIS - VEICULOS,8,1.0,24.99,4
825,LIMPEZA E CONSERVACAO,21,2.0,39.98,4
827,COMBUSTIVEIS LIQUIDOS,1,2142.9396,11948.46,4
827,AGENTE REDUTOR,2,53.997,161.45,4
827,LUBRIFICANTES,4,1.0,38.9,4
827,ADITIVOS E FLUIDOS,5,2.0,59.98,4
827,PECAS E ACESSORIOS VEICULO ,10,1.0,27.0,4
827,LIMPEZA E CONSERVACAO,21,1.0,29.99,4
829,COMBUSTIVEIS LIQUIDOS,1,2304.2548,12804.51,4
829,CONVENIENCIA,3,1.0,19.99,4
829,ADITIVOS E FLUIDOS,5,1.0,54.0,4
829,HIGIENE PESSOAL,20,1.0,17.6,4
840,COMBUSTIVEIS LIQUIDOS,1,1606.579,9309.37,4
842,HIGIENE PESSOAL,20,2.0,18.49,4
981,COMBUSTIVEIS LIQUIDOS,1,1662.4691,9845.22,4
1033,COMBUSTIVEIS LIQUIDOS,1,1916.7719,10784.26,4
1033,AGENTE REDUTOR,2,70.221,209.96,4
1033,LUBRIFICANTES,4,1.0,49.99,4
1033,DIVERSOS GERAIS - VEICULOS,8,1.0,18.99,4
1036,COMBUSTIVEIS LIQUIDOS,1,4001.8768,23599.95,4
1036,AGENTE REDUTOR,2,19.3914,57.98,4
1046,COMBUSTIVEIS LIQUIDOS,1,3101.0002,18034.71,4
1046,AGENTE REDUTOR,2,13.3512,39.92,4
1046,PECAS E ACESSORIOS VEICULO ,10,1.0,38.0,4
1053,HIGIENE PESSOAL,20,1.0,4.4,4
1058,COMBUSTIVEIS LIQUIDOS,1,8139.1829,47566.33,4
1058,AGENTE REDUTOR,2,268.7407,890.53,4
1058,LUBRIFICANTES,4,4.0,342.88,4
1058,ADITIVOS E FLUIDOS,5,3.0,280.9,4
1058,FILTROS DE OLEO E AR,6,2.0,34.49,4
1058,FILTROS DE COMBUSTIVEIS,7,2.0,184.0,4
1058,DIVERSOS GERAIS - VEICULOS,8,1.0,29.99,4
1058,PECAS E ACESSORIOS VEICULO ,10,1.0,38.0,4
1058,LIMPEZA E CONSERVACAO,21,1.0,16.99,4
1590,COMBUSTIVEIS LIQUIDOS,1,2131.4065,12454.09,4
1590,AGENTE REDUTOR,2,73.7562,220.53,4
1590,LUBRIFICANTES,4,9.0,310.68,4
1590,ADITIVOS E FLUIDOS,5,1.0,42.99,4
1590,FILTROS DE OLEO E AR,6,3.0,88.48,4
1593,COMBUSTIVEIS LIQUIDOS,1,1655.1618,9463.82,4
1602,COMBUSTIVEIS LIQUIDOS,1,3664.3363,20981.12,4
1602,AGENTE REDUTOR,2,32.5285,97.26,4
1602,LUBRIFICANTES,4,5.0,160.99,4
1602,ADITIVOS E FLUIDOS,5,1.0,39.99,4
1602,LIMPEZA E CONSERVACAO,21,1.0,19.99,4
1604,COMBUSTIVEIS LIQUIDOS,1,3067.6124,18051.46,4
1604,AGENTE REDUTOR,2,92.6591,277.05,4
1620,COMBUSTIVEIS LIQUIDOS,1,2511.3412,14595.08,4
1620,AGENTE REDUTOR,2,26.9332,167.53,4
1620,HIGIENE PESSOAL,20,1.0,10.5,4
1620,PALHETA AUTOMOTIVA,29,2.0,57.98,4
4197,HIGIENE PESSOAL,20,2.0,20.5,4
17131,COMBUSTIVEIS LIQUIDOS,1,1927.3548,10974.43,4
17131,AGENTE REDUTOR,2,30.639,91.61,4
17131,LUBRIFICANTES,4,2.0,71.98,4
17131,HIGIENE PESSOAL,20,2.0,22.6,4
29517,COMBUSTIVEIS LIQUIDOS,1,1639.4515,9534.93,4
29517,AGENTE REDUTOR,2,2.0,179.98,4
29517,LUBRIFICANTES,4,2.0,212.0,4
29517,ADITIVOS E FLUIDOS,5,1.0,26.0,4
3290,COMBUSTIVEIS LIQUIDOS,1,3508.8869,19884.79,5
3290,LUBRIFICANTES,4,17.0,521.94,5
3290,ADITIVOS E FLUIDOS,5,23.0,1040.86,5
3290,FILTROS DE OLEO E AR,6,2.0,43.0,5
3290,FILTROS DE COMBUSTIVEIS,7,1.0,17.0,5
3290,LIMPEZA E CONSERVACAO,21,1.0,9.99,5
3298,COMBUSTIVEIS LIQUIDOS,1,115.3892,765.03,5
3298,LUBRIFICANTES,4,1.0,30.0,5
3298,ADITIVOS E FLUIDOS,5,2.0,16.5,5
3302,COMBUSTIVEIS LIQUIDOS,1,957.7908,5375.05,5
3303,COMBUSTIVEIS LIQUIDOS,1,2854.0293,16204.78,5
3303,LUBRIFICANTES,4,3.0,484.98,5
3303,ADITIVOS E FLUIDOS,5,1.0,30.99,5
3303,PALHETA AUTOMOTIVA,29,2.0,62.99,5
3314,COMBUSTIVEIS LIQUIDOS,1,1026.4436,5753.83,5
3612,COMBUSTIVEIS LIQUIDOS,1,1800.1681,10325.98,5
3618,COMBUSTIVEIS LIQUIDOS,1,600.0278,3231.87,5
3619,COMBUSTIVEIS LIQUIDOS,1,6.1607,35.67,5
3619,LIMPEZA E CONSERVACAO,21,1.0,8.5,5
3620,COMBUSTIVEIS LIQUIDOS,1,7265.6287,40540.04,5
3620,AGENTE REDUTOR,2,24.3713,225.07,5
3620,LUBRIFICANTES,4,1.0,39.99,5
3620,ADITIVOS E FLUIDOS,5,6.0,226.96,5
3622,COMBUSTIVEIS LIQUIDOS,1,958.4099,5258.85,5
3622,AGENTE REDUTOR,2,48.191,144.09,5
3631,COMBUSTIVEIS LIQUIDOS,1,1493.8911,8130.8,5
3632,COMBUSTIVEIS LIQUIDOS,1,4396.9536,24300.22,5
3632,AGENTE REDUTOR,2,6.84,96.55,5
3632,LUBRIFICANTES,4,2.0,55.98,5
3632,ADITIVOS E FLUIDOS,5,3.0,36.99,5
3632,PECAS E ACESSORIOS VEICULO ,10,1.0,38.0,5
16055,COMBUSTIVEIS LIQUIDOS,1,18.9507,110.06,5
16055,LIMPEZA E CONSERVACAO,21,1.0,14.99,5
16492,COMBUSTIVEIS LIQUIDOS,1,4174.9118,23893.83,5
16492,AGENTE REDUTOR,2,22.0703,142.09,5
16492,LUBRIFICANTES,4,2.0,57.99,5
16492,ADITIVOS E FLUIDOS,5,1.0,30.99,5
16492,PECAS E ACESSORIOS VEICULO ,10,1.0,38.0,5
21103,COMBUSTIVEIS LIQUIDOS,1,2675.7899,14764.79,5
21103,AGENTE REDUTOR,2,26.83,80.22,5
22762,COMBUSTIVEIS LIQUIDOS,1,3698.4404,20932.78,5
22762,AGENTE REDUTOR,2,1.0,79.09,5
22762,ADITIVOS E FLUIDOS,5,1.0,25.0,5
22778,COMBUSTIVEIS LIQUIDOS,1,1920.8693,10515.72,5
22778,ADITIVOS E FLUIDOS,5,1.0,30.99,5
29959,COMBUSTIVEIS LIQUIDOS,1,6015.0506,34338.01,5
0,COMBUSTIVEIS LIQUIDOS,1,7.8208,45.81,6
3308,LUBRIFICANTES,4,1.0,21.04,6
3308,ADITIVOS E FLUIDOS,5,1.0,19.59,6
3308,DIVERSOS GERAIS - VEICULOS,8,1.0,16.86,6
3308,BEBIDAS ALCOOLICAS,12,4.0,16.0,6
3308,AGUAS MINERAIS E GELO,18,7.0,22.0,6
3308,ENERGETICO,19,3.0,36.0,6
3308,LIMPEZA E CONSERVACAO,21,3.0,67.96,6
3308,REFRIGERANTES,22,2.0,8.5,6
3308,SUCOS,23,2.0,5.19,6
3308,SORVETES,26,4.0,44.0,6
3313,COMBUSTIVEIS LIQUIDOS,1,1371.8044,7850.46,6
3313,ADITIVOS E FLUIDOS,5,1.0,19.59,6
3315,COMBUSTIVEIS LIQUIDOS,1,369.4693,2070.34,6
3316,COMBUSTIVEIS LIQUIDOS,1,3182.4322,17473.15,6
3316,AGENTE REDUTOR,2,33.2845,99.52,6
3316,LUBRIFICANTES,4,5.0,160.95,6
3316,ADITIVOS E FLUIDOS,5,1.0,24.99,6
3316,DIVERSOS GERAIS - VEICULOS,8,1.0,46.0,6
3316,LIMPEZA E CONSERVACAO,21,1.0,16.97,6
3318,COMBUSTIVEIS LIQUIDOS,1,439.0133,2426.5,6
3626,COMBUSTIVEIS LIQUIDOS,1,1215.9157,6930.55,6
3629,COMBUSTIVEIS LIQUIDOS,1,1460.6176,8128.72,6
3629,LUBRIFICANTES,4,4.0,126.96,6
3629,PALHETA AUTOMOTIVA,29,2.0,59.99,6
3723,COMBUSTIVEIS LIQUIDOS,1,549.074,3194.19,6
3736,COMBUSTIVEIS LIQUIDOS,1,1891.9687,11025.57,6
3736,AGENTE REDUTOR,2,23.4852,157.13,6
3736,LUBRIFICANTES,4,3.0,95.97,6
3736,AGUAS MINERAIS E GELO,18,1.0,4.95,6
3743,COMBUSTIVEIS LIQUIDOS,1,1556.6593,8878.5,6
3743,LUBRIFICANTES,4,3.0,456.03,6
3743,ADITIVOS E FLUIDOS,5,5.0,132.89,6
3743,LIMPEZA E CONSERVACAO,21,14.0,189.47,6
3749,ADITIVOS E FLUIDOS,5,1.0,14.89,6
3754,COMBUSTIVEIS LIQUIDOS,1,5617.6159,31856.83,6
3754,LUBRIFICANTES,4,6.0,209.94,6
3754,ADITIVOS E FLUIDOS,5,4.0,75.66,6
3754,LIMPEZA E CONSERVACAO,21,9.0,114.56,6
3755,COMBUSTIVEIS LIQUIDOS,1,4.209,24.37,6
3755,ADITIVOS E FLUIDOS,5,3.0,50.18,6
3755,BEBIDAS ALCOOLICAS,12,23.0,98.5,6
3755,AGUAS MINERAIS E GELO,18,18.0,70.85,6
3755,ENERGETICO,19,2.0,24.0,6
3755,REFRIGERANTES,22,7.0,49.8,6
3755,SUCOS,23,1.0,3.5,6
3755,SORVETES,26,30.0,222.38,6
3759,ADITIVOS E FLUIDOS,5,2.0,72.0,6
3759,PALHETA AUTOMOTIVA,29,1.0,28.99,6
3761,COMBUSTIVEIS LIQUIDOS,1,2213.6244,12767.29,6
3761,AGENTE REDUTOR,2,1.0,89.9,6
3761,LUBRIFICANTES,4,6.0,308.95,6
3761,ADITIVOS E FLUIDOS,5,4.0,155.47,6
3761,LIMPEZA E CONSERVACAO,21,10.0,130.3,6
3761,SORVETES,26,1.0,6.0,6
3768,COMBUSTIVEIS LIQUIDOS,1,569.0551,3260.16,6
3768,LUBRIFICANTES,4,1.0,26.88,6
3768,ADITIVOS E FLUIDOS,5,1.0,19.59,6
3771,COMBUSTIVEIS LIQUIDOS,1,2197.4646,12311.3,6
3771,LUBRIFICANTES,4,8.0,920.96,6
3771,ADITIVOS E FLUIDOS,5,7.0,270.94,6
3771,FILTROS DE OLEO E AR,6,3.0,46.0,6
3771,FILTROS DE COMBUSTIVEIS,7,1.0,17.0,6
3990,COMBUSTIVEIS LIQUIDOS,1,2665.1923,15590.64,6
3990,LUBRIFICANTES,4,1.0,27.99,6
3990,ADITIVOS E FLUIDOS,5,11.0,406.63,6
8989,COMBUSTIVEIS LIQUIDOS,1,147.8346,812.94,6
15176,COMBUSTIVEIS LIQUIDOS,1,2723.261,15495.79,6
15176,ADITIVOS E FLUIDOS,5,10.0,309.94,6
15176,SORVETES,26,2.0,10.0,6
15511,COMBUSTIVEIS LIQUIDOS,1,3531.2186,19890.1,6
15511,AGENTE REDUTOR,2,16.7191,49.99,6
15511,LUBRIFICANTES,4,3.0,109.97,6
15511,PALHETA AUTOMOTIVA,29,2.0,62.99,6
21556,COMBUSTIVEIS LIQUIDOS,1,328.3488,1982.34,6
21773,COMBUSTIVEIS LIQUIDOS,1,272.4995,1554.27,6
21773,PECAS E ACESSORIOS VEICULO ,10,1.0,38.0,6
22768,COMBUSTIVEIS LIQUIDOS,1,246.9505,1396.95,6
22777,COMBUSTIVEIS LIQUIDOS,1,289.7853,1614.39,6
24206,COMBUSTIVEIS LIQUIDOS,1,1885.5959,10460.36,6
27138,COMBUSTIVEIS LIQUIDOS,1,4005.4851,22958.0,6
27138,LUBRIFICANTES,4,4.0,172.96,6
27138,ADITIVOS E FLUIDOS,5,8.0,252.65,6
27138,LIMPEZA E CONSERVACAO,21,1.0,25.99,6
27138,PALHETA AUTOMOTIVA,29,6.0,188.97,6
0,COMBUSTIVEIS LIQUIDOS,1,42.6697,256.33,7
3833,COMBUSTIVEIS LIQUIDOS,1,6819.1861,39873.33,7
3833,LUBRIFICANTES,4,1.0,27.99,7
3833,ADITIVOS E FLUIDOS,5,9.0,266.0,7
3833,DIVERSOS GERAIS - VEICULOS,8,3.0,65.07,7
3833,LIMPEZA E CONSERVACAO,21,5.0,78.8,7
4068,COMBUSTIVEIS LIQUIDOS,1,387.3707,2361.11,7
4072,COMBUSTIVEIS LIQUIDOS,1,814.6209,4755.1,7
4072,LUBRIFICANTES,4,1.0,34.0,7
4072,ADITIVOS E FLUIDOS,5,1.0,31.26,7
4072,DIVERSOS GERAIS - VEICULOS,8,1.0,17.54,7
4072,LIMPEZA E CONSERVACAO,21,7.0,121.97,7
4074,COMBUSTIVEIS LIQUIDOS,1,1774.7179,10230.24,7
4076,COMBUSTIVEIS LIQUIDOS,1,324.3372,1844.8,7
4088,COMBUSTIVEIS LIQUIDOS,1,1421.2927,8164.49,7
4090,COMBUSTIVEIS LIQUIDOS,1,4853.3085,27470.47,7
4090,AGENTE REDUTOR,2,111.1512,332.34,7
4090,LUBRIFICANTES,4,4.0,110.96,7
4090,ADITIVOS E FLUIDOS,5,4.0,92.5,7
4090,LIMPEZA E CONSERVACAO,21,3.0,44.39,7
10723,COMBUSTIVEIS LIQUIDOS,1,211.037,1243.04,7
20657,COMBUSTIVEIS LIQUIDOS,1,3324.2482,19321.77,7
20657,AGENTE REDUTOR,2,60.0,179.4,7
20657,LUBRIFICANTES,4,1.0,22.99,7
20657,ADITIVOS E FLUIDOS,5,6.0,185.97,7
20659,COMBUSTIVEIS LIQUIDOS,1,605.0491,3515.32,7
20659,LIMPEZA E CONSERVACAO,21,1.0,12.55,7
24054,COMBUSTIVEIS LIQUIDOS,1,1041.107,5994.18,7
27120,COMBUSTIVEIS LIQUIDOS,1,2347.4606,13611.28,7
27120,AGENTE REDUTOR,2,16.7191,49.99,7
27120,LUBRIFICANTES,4,2.0,44.99,7
27120,ADITIVOS E FLUIDOS,5,8.0,343.97,7
27120,PALHETA AUTOMOTIVA,29,1.0,34.0,7
30873,COMBUSTIVEIS LIQUIDOS,1,693.5551,3982.82,7
30873,ADITIVOS E FLUIDOS,5,1.0,25.0,7
30873,DIVERSOS GERAIS - VEICULOS,8,1.0,17.54,7
30873,LIMPEZA E CONSERVACAO,21,2.0,26.05,7
30874,COMBUSTIVEIS LIQUIDOS,1,5112.3074,29219.73,7
30874,AGENTE REDUTOR,2,99.0,296.01,7
30874,ADITIVOS E FLUIDOS,5,1.0,36.0,7
30874,LIMPEZA E CONSERVACAO,21,2.0,38.95,7
31995,COMBUSTIVEIS LIQUIDOS,1,6781.9711,38900.05,7
31995,AGENTE REDUTOR,2,147.2112,440.16,7
31995,ADITIVOS E FLUIDOS,5,3.0,78.99,7
31995,DIVERSOS GERAIS - VEICULOS,8,2.0,36.53,7
663,COMBUSTIVEIS LIQUIDOS,1,3240.4203,18294.11,8
663,AGENTE REDUTOR,2,96.7696,289.34,8
663,LUBRIFICANTES,4,4.0,123.98,8
663,PECAS E ACESSORIOS VEICULO ,10,1.0,38.0,8
663,LIMPEZA E CONSERVACAO,21,2.0,34.98,8
665,COMBUSTIVEIS LIQUIDOS,1,248.1605,1343.73,8
680,COMBUSTIVEIS LIQUIDOS,1,5108.2164,28702.46,8
680,AGENTE REDUTOR,2,19.5285,58.39,8
680,LUBRIFICANTES,4,4.0,223.97,8
680,ADITIVOS E FLUIDOS,5,2.0,240.26,8
680,LIMPEZA E CONSERVACAO,21,2.0,35.98,8
682,COMBUSTIVEIS LIQUIDOS,1,5723.0794,33382.76,8
682,AGENTE REDUTOR,2,104.8666,313.55,8
682,LUBRIFICANTES,4,8.0,256.92,8
682,ADITIVOS E FLUIDOS,5,6.0,403.44,8
686,COMBUSTIVEIS LIQUIDOS,1,7667.3806,43454.42,8
686,AGENTE REDUTOR,2,97.4492,378.28,8
686,LUBRIFICANTES,4,8.0,797.92,8
686,ADITIVOS E FLUIDOS,5,9.0,371.97,8
686,LIMPEZA E CONSERVACAO,21,3.0,51.98,8
686,PALHETA AUTOMOTIVA,29,2.0,99.0,8
690,COMBUSTIVEIS LIQUIDOS,1,2412.0015,13605.17,8
690,AGENTE REDUTOR,2,49.194,147.09,8
690,LUBRIFICANTES,4,12.0,3438.89,8
690,ADITIVOS E FLUIDOS,5,4.0,244.96,8
690,FILTROS DE OLEO E AR,6,8.0,543.46,8
690,FILTROS DE COMBUSTIVEIS,7,5.0,324.97,8
696,COMBUSTIVEIS LIQUIDOS,1,2623.6781,14659.57,8
696,AGENTE REDUTOR,2,2.94,8.79,8
696,LUBRIFICANTES,4,1.0,31.99,8
696,ADITIVOS E FLUIDOS,5,1.0,35.0,8
710,COMBUSTIVEIS LIQUIDOS,1,846.7115,4706.33,8
714,COMBUSTIVEIS LIQUIDOS,1,1099.8206,6249.2,8
719,COMBUSTIVEIS LIQUIDOS,1,114.9798,660.81,8
720,COMBUSTIVEIS LIQUIDOS,1,9706.246,55012.85,8
720,AGENTE REDUTOR,2,303.2061,906.58,8
720,LUBRIFICANTES,4,7.0,375.97,8
720,ADITIVOS E FLUIDOS,5,18.0,1004.2,8
720,DIVERSOS GERAIS - VEICULOS,8,1.0,15.5,8
720,PECAS E ACESSORIOS VEICULO ,10,1.0,38.0,8
720,LIMPEZA E CONSERVACAO,21,3.0,43.88,8
720,PALHETA AUTOMOTIVA,29,2.0,96.0,8
722,COMBUSTIVEIS LIQUIDOS,1,4531.3226,26072.29,8
722,LUBRIFICANTES,4,3.0,80.97,8
722,ADITIVOS E FLUIDOS,5,5.0,654.33,8
722,LIMPEZA E CONSERVACAO,21,1.0,31.0,8
2585,COMBUSTIVEIS LIQUIDOS,1,1684.3854,9775.11,8
2585,AGENTE REDUTOR,2,34.783,104.0,8
4201,COMBUSTIVEIS LIQUIDOS,1,9486.6023,53693.89,8
4201,AGENTE REDUTOR,2,160.4219,653.48,8
4201,LUBRIFICANTES,4,9.0,291.92,8
4201,ADITIVOS E FLUIDOS,5,3.0,135.49,8
4201,LIMPEZA E CONSERVACAO,21,1.0,19.99,8
4557,COMBUSTIVEIS LIQUIDOS,1,1695.9003,9534.38,8
4557,AGENTE REDUTOR,2,17.385,51.98,8
4557,LUBRIFICANTES,4,15.0,547.85,8
4557,ADITIVOS E FLUIDOS,5,4.0,173.98,8
4557,FILTROS DE OLEO E AR,6,1.0,21.0,8
4557,FILTROS DE COMBUSTIVEIS,7,4.0,360.19,8
4557,PECAS E ACESSORIOS VEICULO ,10,1.0,38.0,8
4557,LIMPEZA E CONSERVACAO,21,1.0,14.15,8
7180,COMBUSTIVEIS LIQUIDOS,1,4184.9219,23765.69,8
7180,AGENTE REDUTOR,2,70.526,210.87,8
7180,LUBRIFICANTES,4,3.0,198.97,8
7180,ADITIVOS E FLUIDOS,5,2.0,63.99,8
7180,PECAS E ACESSORIOS VEICULO ,10,1.0,26.05,8
7180,LIMPEZA E CONSERVACAO,21,3.0,81.99,8
12542,COMBUSTIVEIS LIQUIDOS,1,2096.7276,11922.79,8
12542,AGENTE REDUTOR,2,3.689,11.03,8
12542,LUBRIFICANTES,4,3.0,75.97,8
12542,ADITIVOS E FLUIDOS,5,1.0,28.99,8
12542,LIMPEZA E CONSERVACAO,21,1.0,9.99,8
25479,COMBUSTIVEIS LIQUIDOS,1,9094.7396,51039.14,8
25479,AGENTE REDUTOR,2,200.5,773.31,8
25479,LUBRIFICANTES,4,5.0,232.95,8
25479,ADITIVOS E FLUIDOS,5,7.0,288.07,8
25479,PECAS E ACESSORIOS VEICULO ,10,1.0,38.0,8
29110,COMBUSTIVEIS LIQUIDOS,1,5237.9367,29594.43,8
29110,AGENTE REDUTOR,2,45.7031,136.65,8
29110,ADITIVOS E FLUIDOS,5,1.0,39.99,8
34653,COMBUSTIVEIS LIQUIDOS,1,2417.8815,13597.53,8
34653,LUBRIFICANTES,4,8.0,266.92,8
34653,ADITIVOS E FLUIDOS,5,3.0,75.0,8
17,COMBUSTIVEIS -  GNV,25,51.278,242.03,9
3030,COMBUSTIVEIS -  GNV,25,354.575,1673.56,9
3037,COMBUSTIVEIS -  GNV,25,327.3297,1544.97,9
3047,LUBRIFICANTES,4,2.0,45.98,9
3047,COMBUSTIVEIS -  GNV,25,894.1378,4220.27,9
3049,COMBUSTIVEIS -  GNV,25,22.0044,103.86,9
3062,LUBRIFICANTES,4,1.0,22.99,9
3062,COMBUSTIVEIS -  GNV,25,240.8008,1136.56,9
3162,COMBUSTIVEIS -  GNV,25,94.8195,447.54,9
7439,LUBRIFICANTES,4,3.0,68.97,9
7439,COMBUSTIVEIS -  GNV,25,1015.2871,4792.08,9
9087,COMBUSTIVEIS -  GNV,25,14.585,68.84,9
9122,LUBRIFICANTES,4,4.0,91.96,9
9122,COMBUSTIVEIS -  GNV,25,184.3434,870.09,9
12335,LUBRIFICANTES,4,3.0,68.97,9
12335,COMBUSTIVEIS -  GNV,25,1625.3728,7671.64,9
16682,LUBRIFICANTES,4,8.0,174.89,9
16682,COMBUSTIVEIS -  GNV,25,3222.1899,15208.5,9
22871,LUBRIFICANTES,4,2.0,45.98,9
22871,COMBUSTIVEIS -  GNV,25,12.515,59.07,9
27045,COMBUSTIVEIS -  GNV,25,261.0569,1232.17,9
29794,COMBUSTIVEIS -  GNV,25,125.6958,593.27,9
29795,LUBRIFICANTES,4,2.0,36.95,9
29795,COMBUSTIVEIS -  GNV,25,472.5317,2230.32,9
30202,COMBUSTIVEIS -  GNV,25,33.818,159.62,9
31988,LUBRIFICANTES,4,1.0,22.99,9
31988,COMBUSTIVEIS -  GNV,25,62.5916,295.43,9
3046,COMBUSTIVEIS -  GNV,25,7.9683,37.61,11
3307,LUBRIFICANTES,4,1.0,22.99,11
3307,COMBUSTIVEIS -  GNV,25,143.6073,677.81,11
3310,COMBUSTIVEIS -  GNV,25,165.8877,782.98,11
3418,LUBRIFICANTES,4,3.0,68.97,11
3418,COMBUSTIVEIS -  GNV,25,1584.1498,7477.07,11
3419,LUBRIFICANTES,4,3.0,68.97,11
3419,COMBUSTIVEIS -  GNV,25,1028.7893,4855.8,11
3538,LUBRIFICANTES,4,3.0,68.97,11
3538,COMBUSTIVEIS -  GNV,25,414.8302,1957.96,11
3541,COMBUSTIVEIS -  GNV,25,1.2395,5.85,11
3542,LUBRIFICANTES,4,8.0,183.92,11
3542,COMBUSTIVEIS -  GNV,25,2920.4663,13784.36,11
3606,COMBUSTIVEIS -  GNV,25,44.2977,209.08,11
3608,COMBUSTIVEIS -  GNV,25,15.9515,75.29,11
3728,COMBUSTIVEIS -  GNV,25,82.8007,390.81,11
3729,LUBRIFICANTES,4,1.0,22.99,11
3729,COMBUSTIVEIS -  GNV,25,1050.5855,4958.67,11
3731,COMBUSTIVEIS -  GNV,25,318.7512,1504.48,11
7667,COMBUSTIVEIS -  GNV,25,151.214,713.72,11
11291,COMBUSTIVEIS -  GNV,25,63.1742,298.18,11
11292,LUBRIFICANTES,4,1.0,22.99,11
11292,COMBUSTIVEIS -  GNV,25,85.2945,402.58,11
12777,COMBUSTIVEIS -  GNV,25,161.0765,760.27,11
31870,COMBUSTIVEIS -  GNV,25,147.2745,695.13,11
34640,COMBUSTIVEIS -  GNV,25,244.4493,1153.78,11
3290,LUBRIFICANTES,4,1.0,32.99,12
3298,COMBUSTIVEIS -  GNV,25,1982.9296,9299.74,12
3302,COMBUSTIVEIS -  GNV,25,309.74,1451.03,12
3303,COMBUSTIVEIS -  GNV,25,14.269,66.92,12
3314,LUBRIFICANTES,4,2.0,55.98,12
3314,COMBUSTIVEIS -  GNV,25,904.5355,4239.74,12
3612,COMBUSTIVEIS -  GNV,25,62.6926,294.02,12
3618,COMBUSTIVEIS -  GNV,25,65.5787,307.56,12
3619,LUBRIFICANTES,4,12.0,275.88,12
3619,COMBUSTIVEIS -  GNV,25,2006.7664,9408.62,12
3620,LUBRIFICANTES,4,1.0,22.99,12
3620,COMBUSTIVEIS -  GNV,25,29.9579,140.5,12
3622,LUBRIFICANTES,4,2.0,55.98,12
3622,COMBUSTIVEIS -  GNV,25,749.4392,3511.95,12
3631,COMBUSTIVEIS -  GNV,25,116.2073,545.0,12
16055,LUBRIFICANTES,4,3.0,68.97,12
16055,COMBUSTIVEIS -  GNV,25,2075.192,9727.05,12
16492,LUBRIFICANTES,4,4.0,101.96,12
16492,COMBUSTIVEIS -  GNV,25,885.0407,4149.89,12
21103,COMBUSTIVEIS -  GNV,25,184.3381,864.53,12
22778,COMBUSTIVEIS -  GNV,25,160.5177,752.17,12
29959,COMBUSTIVEIS -  GNV,25,57.2555,268.52,12
3308,LUBRIFICANTES,4,2.0,49.98,13
3308,COMBUSTIVEIS -  GNV,25,937.4976,4393.61,13
3315,LUBRIFICANTES,4,4.0,91.96,13
3315,COMBUSTIVEIS -  GNV,25,1551.4489,7276.06,13
3316,COMBUSTIVEIS -  GNV,25,27.6995,129.91,13
3318,LUBRIFICANTES,4,1.0,26.99,13
3318,COMBUSTIVEIS -  GNV,25,919.7097,4312.31,13
3626,COMBUSTIVEIS -  GNV,25,26.5723,124.62,13
3629,COMBUSTIVEIS -  GNV,25,47.0925,220.85,13
3749,LUBRIFICANTES,4,4.0,95.96,13
3749,COMBUSTIVEIS -  GNV,25,778.3882,3650.51,13
3755,LUBRIFICANTES,4,3.0,72.97,13
3755,COMBUSTIVEIS -  GNV,25,2702.7933,12674.35,13
3759,LUBRIFICANTES,4,1.0,22.99,13
3759,COMBUSTIVEIS -  GNV,25,1950.0827,9145.56,13
3761,LUBRIFICANTES,4,2.0,27.92,13
3761,COMBUSTIVEIS -  GNV,25,7.572,35.51,13
3768,COMBUSTIVEIS -  GNV,25,7.254,34.02,13
3771,COMBUSTIVEIS -  GNV,25,77.7993,364.87,13
3990,COMBUSTIVEIS -  GNV,25,56.9305,266.99,13
8989,COMBUSTIVEIS -  GNV,25,1699.2626,7968.28,13
15176,COMBUSTIVEIS -  GNV,25,23.7613,111.44,13
15511,COMBUSTIVEIS -  GNV,25,113.045,530.16,13
21556,COMBUSTIVEIS -  GNV,25,1586.9718,7441.85,13
21773,LUBRIFICANTES,4,4.0,73.9,13
21773,COMBUSTIVEIS -  GNV,25,843.6566,3953.19,13
22768,LUBRIFICANTES,4,1.0,22.99,13
22768,COMBUSTIVEIS -  GNV,25,499.3047,2341.66,13
22777,COMBUSTIVEIS -  GNV,25,1842.6687,8641.83,13
24206,COMBUSTIVEIS -  GNV,25,71.7575,336.54,13
27138,COMBUSTIVEIS -  GNV,25,31.131,146.0,13
3077,COMBUSTIVEIS LIQUIDOS,1,4518.7402,25600.03,16
3077,AGENTE REDUTOR,2,113.6963,339.95,16
3077,LUBRIFICANTES,4,4.0,233.96,16
3077,ADITIVOS E FLUIDOS,5,2.0,138.22,16
3077,FILTROS DE OLEO E AR,6,1.0,19.99,16
3077,LIMPEZA E CONSERVACAO,21,1.0,26.0,16
3079,COMBUSTIVEIS LIQUIDOS,1,4724.4587,27095.68,16
3079,AGENTE REDUTOR,2,101.5487,303.63,16
3079,LUBRIFICANTES,4,4.0,149.97,16
3079,DIVERSOS GERAIS - VEICULOS,8,1.0,24.0,16
3079,LIMPEZA E CONSERVACAO,21,3.0,65.98,16
3080,COMBUSTIVEIS LIQUIDOS,1,34.5614,200.62,16
3082,DIVERSOS GERAIS - VEICULOS,8,1.0,15.5,16
3082,PECAS E ACESSORIOS VEICULO ,10,5.0,190.0,16
3082,LIMPEZA E CONSERVACAO,21,2.0,40.61,16
3084,COMBUSTIVEIS LIQUIDOS,1,798.3608,4562.73,16
3084,AGENTE REDUTOR,2,79.9602,239.08,16
3089,COMBUSTIVEIS LIQUIDOS,1,5.1002,30.04,16
3089,ADITIVOS E FLUIDOS,5,1.0,20.11,16
3089,DIVERSOS GERAIS - VEICULOS,8,2.0,31.0,16
3089,PECAS E ACESSORIOS VEICULO ,10,3.0,102.05,16
3089,LIMPEZA E CONSERVACAO,21,14.0,238.71,16
3090,COMBUSTIVEIS LIQUIDOS,1,5.775,34.01,16
3094,COMBUSTIVEIS LIQUIDOS,1,1723.7036,10015.76,16
3094,LUBRIFICANTES,4,2.0,55.98,16
3094,FILTROS DE COMBUSTIVEIS,7,1.0,81.99,16
3094,LIMPEZA E CONSERVACAO,21,1.0,19.99,16
3096,COMBUSTIVEIS LIQUIDOS,1,13515.6369,77427.0,16
3096,AGENTE REDUTOR,2,368.3459,1275.35,16
3096,LUBRIFICANTES,4,6.0,475.95,16
3096,ADITIVOS E FLUIDOS,5,4.0,182.98,16
3096,LIMPEZA E CONSERVACAO,21,3.0,72.99,16
3098,COMBUSTIVEIS LIQUIDOS,1,10865.3035,62263.16,16
3098,AGENTE REDUTOR,2,294.5424,1228.68,16
3098,LUBRIFICANTES,4,3.0,489.97,16
3098,ADITIVOS E FLUIDOS,5,4.0,499.24,16
3098,PECAS E ACESSORIOS VEICULO ,10,1.0,38.0,16
3108,COMBUSTIVEIS LIQUIDOS,1,198.9774,1128.93,16
3111,COMBUSTIVEIS LIQUIDOS,1,15.7207,94.57,16
3111,LUBRIFICANTES,4,18.0,763.86,16
3111,ADITIVOS E FLUIDOS,5,3.0,120.98,16
3111,FILTROS DE OLEO E AR,6,7.0,318.87,16
3111,FILTROS DE COMBUSTIVEIS,7,6.0,667.98,16
3114,COMBUSTIVEIS LIQUIDOS,1,5.922,36.06,16
3114,LUBRIFICANTES,4,60.0,2034.42,16
3114,ADITIVOS E FLUIDOS,5,4.0,369.98,16
3114,FILTROS DE OLEO E AR,6,18.0,1275.88,16
3114,FILTROS DE COMBUSTIVEIS,7,11.0,1020.43,16
3116,COMBUSTIVEIS LIQUIDOS,1,1304.851,7517.78,16
3116,AGENTE REDUTOR,2,27.599,82.52,16
3119,COMBUSTIVEIS LIQUIDOS,1,7116.1042,41229.48,16
3119,AGENTE REDUTOR,2,56.2479,255.18,16
3119,ADITIVOS E FLUIDOS,5,2.0,97.0,16
3120,COMBUSTIVEIS LIQUIDOS,1,1126.8311,6571.71,16
3133,COMBUSTIVEIS LIQUIDOS,1,2438.3918,14113.57,16
3133,ADITIVOS E FLUIDOS,5,6.0,195.94,16
3133,DIVERSOS GERAIS - VEICULOS,8,2.0,48.98,16
3133,LIMPEZA E CONSERVACAO,21,3.0,57.98,16
3133,PALHETA AUTOMOTIVA,29,2.0,63.0,16
5257,COMBUSTIVEIS LIQUIDOS,1,1404.31,7952.98,16
5257,LUBRIFICANTES,4,2.0,52.98,16
5257,ADITIVOS E FLUIDOS,5,2.0,60.99,16
5257,LIMPEZA E CONSERVACAO,21,1.0,16.99,16
9189,COMBUSTIVEIS LIQUIDOS,1,46.0932,248.55,16
10489,COMBUSTIVEIS LIQUIDOS,1,3070.3727,17798.61,16
10489,LUBRIFICANTES,4,2.0,49.98,16
10489,ADITIVOS E FLUIDOS,5,3.0,229.98,16
10489,DIVERSOS GERAIS - VEICULOS,8,1.0,29.99,16
10489,LIMPEZA E CONSERVACAO,21,2.0,40.99,16
10489,PALHETA AUTOMOTIVA,29,1.0,28.99,16
13288,COMBUSTIVEIS LIQUIDOS,1,2878.2434,16695.21,16
13288,AGENTE REDUTOR,2,55.1679,164.95,16
13288,LUBRIFICANTES,4,2.0,594.0,16
13288,ADITIVOS E FLUIDOS,5,3.0,128.0,16
24388,COMBUSTIVEIS LIQUIDOS,1,24.14,155.22,16
27135,COMBUSTIVEIS LIQUIDOS,1,2639.6382,14797.22,16
27135,AGENTE REDUTOR,2,19.6823,58.85,16
27135,LUBRIFICANTES,4,3.0,389.98,16
27135,ADITIVOS E FLUIDOS,5,2.0,65.99,16
27135,FILTROS DE COMBUSTIVEIS,7,1.0,132.0,16
27135,PALHETA AUTOMOTIVA,29,2.0,68.0,16
29021,COMBUSTIVEIS LIQUIDOS,1,2755.5352,15905.87,16
29021,LUBRIFICANTES,4,4.0,183.97,16
29021,ADITIVOS E FLUIDOS,5,5.0,260.96,16
29021,LIMPEZA E CONSERVACAO,21,4.0,109.99,16
30208,DIVERSOS GERAIS - VEICULOS,8,1.0,15.5,16
30208,LIMPEZA E CONSERVACAO,21,11.0,190.01,16
17,COMBUSTIVEIS LIQUIDOS,1,1033.0128,5880.49,17
3029,COMBUSTIVEIS LIQUIDOS,1,762.4344,4531.29,17
3029,LUBRIFICANTES,4,44.0,3193.21,17
3029,ADITIVOS E FLUIDOS,5,13.0,739.98,17
3029,FILTROS DE OLEO E AR,6,12.0,1168.94,17
3029,FILTROS DE COMBUSTIVEIS,7,6.0,426.95,17
3030,COMBUSTIVEIS LIQUIDOS,1,2231.1195,12976.83,17
3030,AGENTE REDUTOR,2,59.99,434.82,17
3030,LUBRIFICANTES,4,1.0,26.99,17
3030,ADITIVOS E FLUIDOS,5,2.0,46.0,17
3035,COMBUSTIVEIS LIQUIDOS,1,1124.6922,6651.46,17
3035,AGENTE REDUTOR,2,28.492,85.19,17
3035,LUBRIFICANTES,4,7.0,428.94,17
3035,PECAS E ACESSORIOS VEICULO ,10,1.0,38.0,17
3037,COMBUSTIVEIS LIQUIDOS,1,4570.3859,26836.84,17
3037,AGENTE REDUTOR,2,65.6391,196.26,17
3037,LUBRIFICANTES,4,5.0,219.95,17
3037,PECAS E ACESSORIOS VEICULO ,10,1.0,38.0,17
3043,COMBUSTIVEIS LIQUIDOS,1,8157.4668,48823.73,17
3043,AGENTE REDUTOR,2,173.4221,518.53,17
3043,LUBRIFICANTES,4,2.0,402.99,17
3043,ADITIVOS E FLUIDOS,5,2.0,172.9,17
3043,LIMPEZA E CONSERVACAO,21,1.0,26.0,17
3047,COMBUSTIVEIS LIQUIDOS,1,702.4328,3892.33,17
3047,LUBRIFICANTES,4,1.0,39.99,17
3047,PALHETA AUTOMOTIVA,29,2.0,63.0,17
3049,COMBUSTIVEIS LIQUIDOS,1,216.9928,1271.81,17
3059,COMBUSTIVEIS LIQUIDOS,1,2777.3937,16671.38,17
3059,AGENTE REDUTOR,2,80.569,240.9,17
3059,LUBRIFICANTES,4,92.0,7003.81,17
3059,ADITIVOS E FLUIDOS,5,13.0,818.7,17
3059,FILTROS DE OLEO E AR,6,20.0,1303.38,17
3059,FILTROS DE COMBUSTIVEIS,7,12.0,919.9,17
3062,COMBUSTIVEIS LIQUIDOS,1,6306.6888,37996.48,17
3062,AGENTE REDUTOR,2,136.0,493.64,17
3062,LUBRIFICANTES,4,8.0,803.84,17
3062,ADITIVOS E FLUIDOS,5,3.0,108.97,17
3071,AGENTE REDUTOR,2,2.0,179.98,17
3071,ADITIVOS E FLUIDOS,5,1.0,71.99,17
3071,DIVERSOS GERAIS - VEICULOS,8,3.0,23.97,17
3071,PECAS E ACESSORIOS VEICULO ,10,3.0,114.0,17
3071,LIMPEZA E CONSERVACAO,21,1.0,26.0,17
3130,COMBUSTIVEIS LIQUIDOS,1,279.9401,1625.64,17
3130,LUBRIFICANTES,4,1.0,34.99,17
3130,PECAS E ACESSORIOS VEICULO ,10,1.0,38.0,17
3132,COMBUSTIVEIS LIQUIDOS,1,2111.9043,12405.9,17
3132,AGENTE REDUTOR,2,12.0,209.88,17
3132,LUBRIFICANTES,4,2.0,51.98,17
3132,PECAS E ACESSORIOS VEICULO ,10,1.0,38.0,17
3162,COMBUSTIVEIS LIQUIDOS,1,1721.503,9880.96,17
3162,AGENTE REDUTOR,2,73.5387,219.88,17
3162,LUBRIFICANTES,4,5.0,220.95,17
3162,ADITIVOS E FLUIDOS,5,1.0,21.28,17
3162,DIVERSOS GERAIS - VEICULOS,8,1.0,16.86,17
3162,PECAS E ACESSORIOS VEICULO ,10,1.0,34.5,17
3162,LIMPEZA E CONSERVACAO,21,1.0,19.99,17
3293,COMBUSTIVEIS LIQUIDOS,1,12381.8052,73888.24,17
3293,AGENTE REDUTOR,2,496.0638,1744.22,17
3293,LUBRIFICANTES,4,16.0,1293.87,17
3293,ADITIVOS E FLUIDOS,5,2.0,79.98,17
3293,LIMPEZA E CONSERVACAO,21,1.0,20.32,17
4015,COMBUSTIVEIS LIQUIDOS,1,4203.1432,23625.73,17
4015,AGENTE REDUTOR,2,20.0101,59.83,17
4015,LUBRIFICANTES,4,1.0,17.99,17
4015,ADITIVOS E FLUIDOS,5,1.0,30.99,17
4015,PALHETA AUTOMOTIVA,29,1.0,34.0,17
7439,COMBUSTIVEIS LIQUIDOS,1,558.2245,3156.35,17
8038,COMBUSTIVEIS LIQUIDOS,1,700.5958,4109.56,17
9087,COMBUSTIVEIS LIQUIDOS,1,1242.4979,6994.06,17
9087,LUBRIFICANTES,4,7.0,261.59,17
9087,ADITIVOS E FLUIDOS,5,1.0,58.0,17
9087,DIVERSOS GERAIS - VEICULOS,8,6.0,57.45,17
9122,COMBUSTIVEIS LIQUIDOS,1,4070.3539,23011.44,17
9122,LUBRIFICANTES,4,2.0,68.99,17
9122,DIVERSOS GERAIS - VEICULOS,8,2.0,15.98,17
12335,COMBUSTIVEIS LIQUIDOS,1,62.978,400.0,17
12335,DIVERSOS GERAIS - VEICULOS,8,1.0,7.99,17
12335,LIMPEZA E CONSERVACAO,21,3.0,52.3,17
16682,COMBUSTIVEIS LIQUIDOS,1,33.0269,167.0,17
16682,LUBRIFICANTES,4,3.0,55.97,17
22871,COMBUSTIVEIS LIQUIDOS,1,1757.1087,9947.66,17
22871,LUBRIFICANTES,4,1.0,28.99,17
22871,ADITIVOS E FLUIDOS,5,2.0,40.0,17
22871,DIVERSOS GERAIS - VEICULOS,8,3.0,41.87,17
22871,LIMPEZA E CONSERVACAO,21,3.0,53.62,17
27045,COMBUSTIVEIS LIQUIDOS,1,4730.9859,26833.53,17
27045,AGENTE REDUTOR,2,5.3713,16.06,17
27045,LUBRIFICANTES,4,4.0,106.96,17
27045,ADITIVOS E FLUIDOS,5,1.0,28.99,17
29794,COMBUSTIVEIS LIQUIDOS,1,2177.3346,12253.44,17
29794,LUBRIFICANTES,4,1.0,17.99,17
29794,ADITIVOS E FLUIDOS,5,3.0,95.98,17
29794,LIMPEZA E CONSERVACAO,21,2.0,29.98,17
29794,PALHETA AUTOMOTIVA,29,1.0,29.0,17
29795,COMBUSTIVEIS LIQUIDOS,1,1684.2674,9072.91,17
29795,LUBRIFICANTES,4,1.0,38.9,17
29795,DIVERSOS GERAIS - VEICULOS,8,2.0,19.98,17
30202,COMBUSTIVEIS LIQUIDOS,1,1378.2746,7816.51,17
30202,LUBRIFICANTES,4,1.0,32.99,17
30202,PECAS E ACESSORIOS VEICULO ,10,2.0,72.5,17
31988,COMBUSTIVEIS LIQUIDOS,1,1682.371,9351.34,17
31988,AGENTE REDUTOR,2,34.529,103.24,17
31988,ADITIVOS E FLUIDOS,5,2.0,39.98,17
31988,DIVERSOS GERAIS - VEICULOS,8,1.0,17.5,17
32077,COMBUSTIVEIS LIQUIDOS,1,3204.3637,18267.58,17
32077,AGENTE REDUTOR,2,108.98,325.85,17
32077,LUBRIFICANTES,4,1.0,28.99,17
3020,COMBUSTIVEIS LIQUIDOS,1,1204.3575,6921.16,19
3020,LUBRIFICANTES,4,1.0,15.99,19
3020,LIMPEZA E CONSERVACAO,21,2.0,51.0,19
3021,COMBUSTIVEIS LIQUIDOS,1,2356.0197,13657.95,19
3021,LUBRIFICANTES,4,5.0,139.95,19
3021,ADITIVOS E FLUIDOS,5,3.0,60.0,19
3021,DIVERSOS GERAIS - VEICULOS,8,4.0,42.96,19
3021,LIMPEZA E CONSERVACAO,21,3.0,64.97,19
3021,PALHETA AUTOMOTIVA,29,2.0,63.0,19
3025,COMBUSTIVEIS LIQUIDOS,1,1315.052,7559.86,19
3025,LUBRIFICANTES,4,2.0,50.98,19
3025,ADITIVOS E FLUIDOS,5,1.0,30.99,19
3088,COMBUSTIVEIS LIQUIDOS,1,1449.3329,8231.88,19
3088,LUBRIFICANTES,4,2.0,40.98,19
3088,ADITIVOS E FLUIDOS,5,1.0,30.99,19
3088,DIVERSOS GERAIS - VEICULOS,8,1.0,7.99,19
3088,PALHETA AUTOMOTIVA,29,1.0,34.0,19
3139,COMBUSTIVEIS LIQUIDOS,1,2045.2433,11550.14,19
3139,LUBRIFICANTES,4,3.0,82.97,19
3139,DIVERSOS GERAIS - VEICULOS,8,3.0,37.99,19
7427,COMBUSTIVEIS LIQUIDOS,1,170.0142,960.23,19
12010,COMBUSTIVEIS LIQUIDOS,1,540.8513,3043.05,19
13207,COMBUSTIVEIS LIQUIDOS,1,2707.6702,15422.82,19
13207,LUBRIFICANTES,4,8.0,178.92,19
13207,ADITIVOS E FLUIDOS,5,4.0,129.0,19
13207,DIVERSOS GERAIS - VEICULOS,8,1.0,7.99,19
13207,LIMPEZA E CONSERVACAO,21,4.0,85.98,19
13207,PALHETA AUTOMOTIVA,29,2.0,62.99,19
16683,COMBUSTIVEIS LIQUIDOS,1,2459.3876,13896.94,19
16683,LUBRIFICANTES,4,1.0,26.99,19
21195,COMBUSTIVEIS LIQUIDOS,1,1172.0803,6611.85,19
21195,LUBRIFICANTES,4,1.0,26.99,19
21195,ADITIVOS E FLUIDOS,5,1.0,20.0,19
21195,DIVERSOS GERAIS - VEICULOS,8,1.0,7.99,19
35006,COMBUSTIVEIS LIQUIDOS,1,242.8678,1384.52,19
628,COMBUSTIVEIS LIQUIDOS,1,277.8414,1550.62,20
628,COMBUSTIVEIS -  GNV,25,47.929,221.91,20
807,COMBUSTIVEIS LIQUIDOS,1,4238.0139,24877.64,20
807,AGENTE REDUTOR,2,145.6098,1093.42,20
807,LUBRIFICANTES,4,2.0,46.49,20
807,ADITIVOS E FLUIDOS,5,4.0,197.89,20
807,PECAS E ACESSORIOS VEICULO ,10,3.0,114.0,20
807,LIMPEZA E CONSERVACAO,21,7.0,120.78,20
820,COMBUSTIVEIS LIQUIDOS,1,3473.371,19513.0,20
820,COMBUSTIVEIS -  GNV,25,260.6818,1206.94,20
824,COMBUSTIVEIS LIQUIDOS,1,273.2406,1492.04,20
824,COMBUSTIVEIS -  GNV,25,95.7485,443.31,20
837,COMBUSTIVEIS LIQUIDOS,1,827.221,4507.89,20
837,LUBRIFICANTES,4,1.0,48.99,20
837,ADITIVOS E FLUIDOS,5,1.0,30.99,20
837,COMBUSTIVEIS -  GNV,25,150.8423,698.39,20
839,COMBUSTIVEIS LIQUIDOS,1,4106.9788,24188.29,20
839,AGENTE REDUTOR,2,84.596,674.98,20
839,LUBRIFICANTES,4,22.0331,1017.64,20
839,ADITIVOS E FLUIDOS,5,1.0,47.99,20
839,FILTROS DE OLEO E AR,6,4.0,211.47,20
839,FILTROS DE COMBUSTIVEIS,7,2.0,280.0,20
1064,COMBUSTIVEIS LIQUIDOS,1,2210.4243,12823.76,20
1064,AGENTE REDUTOR,2,31.0,179.69,20
12655,COMBUSTIVEIS LIQUIDOS,1,468.476,2610.19,20
12655,AGENTE REDUTOR,2,47.562,415.24,20
12655,LUBRIFICANTES,4,2.0,65.98,20
12655,ADITIVOS E FLUIDOS,5,7.0,196.43,20
12655,LIMPEZA E CONSERVACAO,21,3.0,59.97,20
12655,COMBUSTIVEIS -  GNV,25,97.8717,453.14,20
15204,COMBUSTIVEIS LIQUIDOS,1,118.9707,703.58,20
15204,COMBUSTIVEIS -  GNV,25,12.4,57.41,20
15311,COMBUSTIVEIS LIQUIDOS,1,1342.1566,7367.85,20
15311,AGENTE REDUTOR,2,3.0,195.0,20
15311,LUBRIFICANTES,4,2.0,51.89,20
15311,ADITIVOS E FLUIDOS,5,2.0,64.99,20
15311,PECAS E ACESSORIOS VEICULO ,10,1.0,27.0,20
15311,COMBUSTIVEIS -  GNV,25,368.2958,1697.75,20
17503,COMBUSTIVEIS LIQUIDOS,1,2496.3249,13714.32,20
17503,AGENTE REDUTOR,2,33.0,284.7,20
17503,ADITIVOS E FLUIDOS,5,6.0,250.94,20
17503,DIVERSOS GERAIS - VEICULOS,8,1.0,27.99,20
17503,COMBUSTIVEIS -  GNV,25,593.9415,2749.91,20
17505,COMBUSTIVEIS LIQUIDOS,1,3636.6518,20494.14,20
17505,AGENTE REDUTOR,2,18.7392,242.06,20
17505,LUBRIFICANTES,4,2.0,153.98,20
17505,ADITIVOS E FLUIDOS,5,1.0,71.9,20
17505,FILTROS DE COMBUSTIVEIS,7,3.0,304.99,20
17505,DIVERSOS GERAIS - VEICULOS,8,5.0,39.95,20
17505,LIMPEZA E CONSERVACAO,21,3.0,25.97,20
17505,COMBUSTIVEIS -  GNV,25,760.7555,3515.57,20
20407,COMBUSTIVEIS LIQUIDOS,1,664.4257,3685.04,20
20407,LUBRIFICANTES,4,3.0,101.97,20
20407,ADITIVOS E FLUIDOS,5,2.0,73.99,20
20407,COMBUSTIVEIS -  GNV,25,406.3743,1881.49,20
20407,PALHETA AUTOMOTIVA,29,1.0,34.0,20
20944,COMBUSTIVEIS LIQUIDOS,1,1339.0209,7374.53,20
20944,AGENTE REDUTOR,2,59.0271,362.52,20
20944,LUBRIFICANTES,4,2.0,231.0,20
20944,FILTROS DE OLEO E AR,6,1.0,213.0,20
20944,PECAS E ACESSORIOS VEICULO ,10,1.0,38.0,20
20944,LIMPEZA E CONSERVACAO,21,1.0,19.99,20
20944,COMBUSTIVEIS -  GNV,25,329.5272,1520.89,20
21575,COMBUSTIVEIS LIQUIDOS,1,1399.3109,7830.08,20
21575,AGENTE REDUTOR,2,3.0,195.0,20
21575,LUBRIFICANTES,4,2.0,54.98,20
21575,ADITIVOS E FLUIDOS,5,1.0,71.9,20
21575,LIMPEZA E CONSERVACAO,21,3.0,40.98,20
21575,COMBUSTIVEIS -  GNV,25,645.3591,2951.09,20
24004,COMBUSTIVEIS LIQUIDOS,1,2536.5715,14511.07,20
24004,AGENTE REDUTOR,2,70.9634,398.21,20
24004,LUBRIFICANTES,4,1.0,22.99,20
24004,ADITIVOS E FLUIDOS,5,3.0,169.21,20
24004,LIMPEZA E CONSERVACAO,21,1.0,19.99,20
24004,COMBUSTIVEIS -  GNV,25,225.1542,1042.44,20
25094,COMBUSTIVEIS LIQUIDOS,1,1202.5134,6657.11,20
25094,AGENTE REDUTOR,2,11.0,218.92,20
25094,LUBRIFICANTES,4,1.0,125.0,20
25094,ADITIVOS E FLUIDOS,5,1.0,19.99,20
25094,PECAS E ACESSORIOS VEICULO ,10,1.0,38.0,20
25094,COMBUSTIVEIS -  GNV,25,435.7958,2017.71,20
30310,COMBUSTIVEIS LIQUIDOS,1,6147.9313,35358.69,20
30310,AGENTE REDUTOR,2,110.0978,515.22,20
30310,LUBRIFICANTES,4,4.0,169.96,20
30310,ADITIVOS E FLUIDOS,5,3.0,96.98,20
30310,DIVERSOS GERAIS - VEICULOS,8,1.0,7.99,20
30310,COMBUSTIVEIS -  GNV,25,805.8707,3722.37,20
30310,PALHETA AUTOMOTIVA,29,2.0,63.0,20
31166,COMBUSTIVEIS LIQUIDOS,1,4511.5449,25765.46,20
31166,AGENTE REDUTOR,2,162.5921,672.18,20
31166,LUBRIFICANTES,4,3.0,68.97,20
31166,ADITIVOS E FLUIDOS,5,3.0,144.98,20
31166,DIVERSOS GERAIS - VEICULOS,8,1.0,40.0,20
31166,COMBUSTIVEIS -  GNV,25,1091.0552,5031.79,20
34318,COMBUSTIVEIS LIQUIDOS,1,1513.7097,8575.8,20
34318,AGENTE REDUTOR,2,45.579,322.31,20
34318,LUBRIFICANTES,4,1.0,22.99,20
34318,ADITIVOS E FLUIDOS,5,7.0,316.67,20
34318,COMBUSTIVEIS -  GNV,25,760.3329,3520.3,20
34450,COMBUSTIVEIS LIQUIDOS,1,3426.5224,19762.18,20
34450,AGENTE REDUTOR,2,30.178,400.28,20
34450,LUBRIFICANTES,4,1.0,25.99,20
34450,ADITIVOS E FLUIDOS,5,1.0,108.84,20
34450,PECAS E ACESSORIOS VEICULO ,10,1.0,38.0,20
34637,COMBUSTIVEIS LIQUIDOS,1,1672.5947,9237.23,20
34637,AGENTE REDUTOR,2,3.0,195.0,20
34637,LUBRIFICANTES,4,2.0,54.99,20
34637,ADITIVOS E FLUIDOS,5,2.0,82.58,20
34637,LIMPEZA E CONSERVACAO,21,1.0,31.0,20
34637,COMBUSTIVEIS -  GNV,25,798.144,3695.36,20
836,COMBUSTIVEIS LIQUIDOS,1,1148.2211,6526.47,21
836,AGUAS MINERAIS E GELO,18,2.0,9.98,21
29930,COMBUSTIVEIS LIQUIDOS,1,4786.7032,26987.35,21
29930,AGENTE REDUTOR,2,123.0,628.77,21
29930,LUBRIFICANTES,4,8.0,260.88,21
29930,ADITIVOS E FLUIDOS,5,1.0,28.99,21
29930,DIVERSOS GERAIS - VEICULOS,8,1.0,15.0,21
29930,AGUAS MINERAIS E GELO,18,12.0,82.4,21
29936,LUBRIFICANTES,4,111.0,4523.09,21
29936,ADITIVOS E FLUIDOS,5,17.0,864.0,21
29936,FILTROS DE OLEO E AR,6,43.0,943.97,21
29936,FILTROS DE COMBUSTIVEIS,7,19.0,521.0,21
29936,DIVERSOS GERAIS - VEICULOS,8,2.0,52.98,21
29936,LIMPEZA E CONSERVACAO,21,4.0,124.0,21
29936,PALHETA AUTOMOTIVA,29,2.0,64.5,21
29939,COMBUSTIVEIS LIQUIDOS,1,2950.7959,16657.74,21
29939,AGENTE REDUTOR,2,80.6522,241.15,21
29939,LUBRIFICANTES,4,2.0,125.0,21
29939,PECAS E ACESSORIOS VEICULO ,10,1.0,42.0,21
29939,AGUAS MINERAIS E GELO,18,5.0,24.95,21
29939,LIMPEZA E CONSERVACAO,21,1.0,26.0,21
29946,COMBUSTIVEIS LIQUIDOS,1,1539.1349,8697.35,21
29946,LUBRIFICANTES,4,4.0,138.97,21
29946,ADITIVOS E FLUIDOS,5,1.0,30.99,21
29946,DIVERSOS GERAIS - VEICULOS,8,2.0,15.98,21
29946,AGUAS MINERAIS E GELO,18,14.0,74.37,21
29946,LIMPEZA E CONSERVACAO,21,1.0,31.0,21
29947,COMBUSTIVEIS LIQUIDOS,1,3044.5468,16663.45,21
29947,LUBRIFICANTES,4,2.0,128.0,21
29947,ADITIVOS E FLUIDOS,5,13.0,672.0,21
29949,COMBUSTIVEIS LIQUIDOS,1,5444.4999,30783.27,21
29949,AGENTE REDUTOR,2,207.5286,707.51,21
29949,LUBRIFICANTES,4,4.0,194.97,21
29951,COMBUSTIVEIS LIQUIDOS,1,3058.9409,17121.86,21
29951,AGENTE REDUTOR,2,3.0,269.97,21
29951,LUBRIFICANTES,4,1.0,32.99,21
29951,DIVERSOS GERAIS - VEICULOS,8,2.0,35.98,21
29951,PECAS E ACESSORIOS VEICULO ,10,1.0,46.0,21
29951,AGUAS MINERAIS E GELO,18,1.0,4.99,21
29953,COMBUSTIVEIS LIQUIDOS,1,1347.729,7556.35,21
29953,PECAS E ACESSORIOS VEICULO ,10,1.0,42.0,21
29953,LIMPEZA E CONSERVACAO,21,1.0,17.99,21
29956,COMBUSTIVEIS LIQUIDOS,1,1746.0637,9930.68,21
29956,AGENTE REDUTOR,2,20.0201,59.86,21
29956,LUBRIFICANTES,4,4.0,121.97,21
29956,ADITIVOS E FLUIDOS,5,1.0,38.0,21
29956,AGUAS MINERAIS E GELO,18,15.0,74.85,21
29956,LIMPEZA E CONSERVACAO,21,2.0,43.5,21
30875,LUBRIFICANTES,4,8.0,864.0,21
30875,FILTROS DE OLEO E AR,6,2.0,195.0,21
30875,FILTROS DE COMBUSTIVEIS,7,1.0,200.5,21
33931,COMBUSTIVEIS LIQUIDOS,1,1529.9285,8597.9,21
33932,COMBUSTIVEIS LIQUIDOS,1,4351.6758,24506.55,21
33932,AGENTE REDUTOR,2,28.8531,86.27,21
33932,LUBRIFICANTES,4,8.0,213.68,21
33932,ADITIVOS E FLUIDOS,5,3.0,81.97,21
33932,DIVERSOS GERAIS - VEICULOS,8,1.0,7.99,21
33932,AGUAS MINERAIS E GELO,18,25.0,124.75,21
33932,LIMPEZA E CONSERVACAO,21,2.0,57.0,21
33933,COMBUSTIVEIS LIQUIDOS,1,5070.8051,28861.11,21
33933,AGENTE REDUTOR,2,102.091,305.25,21
33933,LUBRIFICANTES,4,2.0,68.99,21
33933,DIVERSOS GERAIS - VEICULOS,8,1.0,15.0,21
33933,AGUAS MINERAIS E GELO,18,7.0,34.93,21
33933,PALHETA AUTOMOTIVA,29,2.0,68.0,21
33934,COMBUSTIVEIS LIQUIDOS,1,2924.9049,16577.82,21
33934,AGENTE REDUTOR,2,2.0,179.98,21
33934,LUBRIFICANTES,4,2.0,61.99,21
29937,COMBUSTIVEIS LIQUIDOS,1,1007.053,5630.21,24
29942,COMBUSTIVEIS LIQUIDOS,1,1596.2802,9042.36,24
29942,LUBRIFICANTES,4,6.0,149.49,24
29942,ADITIVOS E FLUIDOS,5,3.0,106.99,24
29942,DIVERSOS GERAIS - VEICULOS,8,10.0,104.41,24
29942,PALHETA AUTOMOTIVA,29,4.0,125.98,24
31710,COMBUSTIVEIS LIQUIDOS,1,1592.4085,9065.11,24
31710,LUBRIFICANTES,4,1.0,24.99,24
31710,ADITIVOS E FLUIDOS,5,2.0,56.0,24
31710,DIVERSOS GERAIS - VEICULOS,8,8.0,97.7,24
31710,PALHETA AUTOMOTIVA,29,5.0,161.49,24
33866,COMBUSTIVEIS LIQUIDOS,1,1208.7705,6854.06,24
33866,LUBRIFICANTES,4,4.0,107.78,24
33866,DIVERSOS GERAIS - VEICULOS,8,2.0,30.0,24
831,COMBUSTIVEIS LIQUIDOS,1,211.1681,1087.79,27
831,LUBRIFICANTES,4,1.0,26.99,27
831,DIVERSOS GERAIS - VEICULOS,8,1.0,27.99,27
831,LIMPEZA E CONSERVACAO,21,3.0,72.49,27
831,COMBUSTIVEIS -  GNV,25,1513.4348,7075.34,27
1031,COMBUSTIVEIS LIQUIDOS,1,1690.3399,9508.01,27
1031,COMBUSTIVEIS -  GNV,25,29.6123,138.88,27
1616,COMBUSTIVEIS LIQUIDOS,1,1432.1371,8226.05,27
1616,COMBUSTIVEIS -  GNV,25,96.9054,454.48,27
3725,COMBUSTIVEIS LIQUIDOS,1,513.6146,3058.48,27
3725,COMBUSTIVEIS -  GNV,25,38.7595,181.78,27
4195,COMBUSTIVEIS LIQUIDOS,1,2282.2813,12999.32,27
4195,LUBRIFICANTES,4,2.0,51.98,27
4195,ADITIVOS E FLUIDOS,5,6.0,313.99,27
4195,DIVERSOS GERAIS - VEICULOS,8,1.0,24.99,27
4195,LIMPEZA E CONSERVACAO,21,3.0,55.99,27
4195,COMBUSTIVEIS -  GNV,25,18.5738,87.11,27
23309,COMBUSTIVEIS LIQUIDOS,1,3978.9253,23574.55,27
23309,LUBRIFICANTES,4,9.0,293.95,27
23309,LIMPEZA E CONSERVACAO,21,2.0,35.98,27
23309,COMBUSTIVEIS -  GNV,25,225.0161,1055.31,27
26468,COMBUSTIVEIS LIQUIDOS,1,1081.0801,5910.95,27
26468,COMBUSTIVEIS -  GNV,25,165.0792,774.21,27
26470,COMBUSTIVEIS LIQUIDOS,1,876.1247,4655.8,27
26470,LUBRIFICANTES,4,3.0,59.94,27
26470,LIMPEZA E CONSERVACAO,21,2.0,36.82,27
26470,COMBUSTIVEIS -  GNV,25,1203.1141,5642.51,27
26471,COMBUSTIVEIS LIQUIDOS,1,755.1077,4315.92,27
26471,COMBUSTIVEIS -  GNV,25,56.0987,263.1,27
26472,COMBUSTIVEIS LIQUIDOS,1,1878.9632,10523.14,27
26472,LUBRIFICANTES,4,2.0,56.98,27
26472,ADITIVOS E FLUIDOS,5,2.0,60.0,27
26472,COMBUSTIVEIS -  GNV,25,465.212,2181.81,27
29515,COMBUSTIVEIS LIQUIDOS,1,489.7257,2665.21,27
29515,LUBRIFICANTES,4,5.0,123.95,27
29515,ADITIVOS E FLUIDOS,5,1.0,35.0,27
29515,DIVERSOS GERAIS - VEICULOS,8,1.0,18.41,27
29515,LIMPEZA E CONSERVACAO,21,8.0,141.54,27
29515,COMBUSTIVEIS -  GNV,25,2256.8462,10584.45,27
30458,COMBUSTIVEIS LIQUIDOS,1,3759.0549,20540.17,27
30458,LUBRIFICANTES,4,1.0,26.99,27
30458,ADITIVOS E FLUIDOS,5,13.0,519.96,27
30458,DIVERSOS GERAIS - VEICULOS,8,1.0,24.0,27
30458,COMBUSTIVEIS -  GNV,25,4.64,21.76,27
30459,COMBUSTIVEIS LIQUIDOS,1,2899.5505,17728.66,27
30459,ADITIVOS E FLUIDOS,5,1.0,30.99,27
30459,DIVERSOS GERAIS - VEICULOS,8,3.0,54.71,27
30459,LIMPEZA E CONSERVACAO,21,2.0,48.18,27
30459,COMBUSTIVEIS -  GNV,25,11.0704,51.92,27
30459,PALHETA AUTOMOTIVA,29,1.0,34.0,27
34265,COMBUSTIVEIS LIQUIDOS,1,3130.1954,17383.07,27
34265,LUBRIFICANTES,4,2.0,49.98,27
34265,ADITIVOS E FLUIDOS,5,7.0,278.95,27
34265,LIMPEZA E CONSERVACAO,21,7.0,173.99,27
34265,COMBUSTIVEIS -  GNV,25,221.2973,1037.86,27
34730,COMBUSTIVEIS LIQUIDOS,1,711.3187,3742.58,27
34730,COMBUSTIVEIS -  GNV,25,745.5009,3496.34,27
34730,PALHETA AUTOMOTIVA,29,2.0,62.99,27
3046,COMBUSTIVEIS LIQUIDOS,1,4109.0845,24754.57,30
3046,AGENTE REDUTOR,2,56.984,257.38,30
3307,COMBUSTIVEIS LIQUIDOS,1,1817.8649,10765.97,30
3307,AGENTE REDUTOR,2,24.5522,73.41,30
3307,LUBRIFICANTES,4,1.0,39.99,30
3310,COMBUSTIVEIS LIQUIDOS,1,596.2685,3527.17,30
3418,COMBUSTIVEIS LIQUIDOS,1,119.0989,705.0,30
3418,LUBRIFICANTES,4,1.0,109.99,30
3418,ADITIVOS E FLUIDOS,5,1.0,47.99,30
3419,COMBUSTIVEIS LIQUIDOS,1,355.1722,2092.38,30
3419,LUBRIFICANTES,4,1.0,27.99,30
3538,COMBUSTIVEIS LIQUIDOS,1,3907.3922,23451.66,30
3538,AGENTE REDUTOR,2,78.8764,840.04,30
3538,LUBRIFICANTES,4,5.0,412.95,30
3538,ADITIVOS E FLUIDOS,5,1.0,24.99,30
3538,DIVERSOS GERAIS - VEICULOS,8,2.0,35.0,30
3539,COMBUSTIVEIS LIQUIDOS,1,220.0732,1313.31,30
3541,COMBUSTIVEIS LIQUIDOS,1,187.0288,1098.85,30
3542,COMBUSTIVEIS LIQUIDOS,1,38.331,225.0,30
3606,COMBUSTIVEIS LIQUIDOS,1,299.1974,1767.55,30
3608,COMBUSTIVEIS LIQUIDOS,1,4576.968,27677.01,30
3608,AGENTE REDUTOR,2,52.0145,329.52,30
3608,LUBRIFICANTES,4,5.0,153.95,30
3608,ADITIVOS E FLUIDOS,5,9.0,341.28,30
3608,FILTROS DE OLEO E AR,6,1.0,93.0,30
3608,LIMPEZA E CONSERVACAO,21,1.0,24.99,30
3608,PALHETA AUTOMOTIVA,29,5.0,150.0,30
3728,COMBUSTIVEIS LIQUIDOS,1,209.0089,1221.92,30
3728,LUBRIFICANTES,4,15.5002,685.86,30
3728,ADITIVOS E FLUIDOS,5,3.0,131.98,30
3728,FILTROS DE OLEO E AR,6,5.0,81.5,30
3729,COMBUSTIVEIS LIQUIDOS,1,606.4301,3542.64,30
3729,AGENTE REDUTOR,2,12.1104,36.21,30
3731,COMBUSTIVEIS LIQUIDOS,1,2619.2008,15690.11,30
3731,AGENTE REDUTOR,2,89.703,268.21,30
7667,COMBUSTIVEIS LIQUIDOS,1,824.5181,4857.27,30
7667,AGENTE REDUTOR,2,21.706,64.9,30
11291,COMBUSTIVEIS LIQUIDOS,1,607.2582,3637.12,30
11291,AGENTE REDUTOR,2,12.699,37.97,30
11291,LUBRIFICANTES,4,62.0,3460.4,30
11291,ADITIVOS E FLUIDOS,5,9.0,447.45,30
11291,FILTROS DE OLEO E AR,6,14.0,709.45,30
11291,FILTROS DE COMBUSTIVEIS,7,4.0,251.97,30
11291,LIMPEZA E CONSERVACAO,21,1.0,18.99,30
11292,COMBUSTIVEIS LIQUIDOS,1,3701.8908,22086.35,30
11292,AGENTE REDUTOR,2,44.0503,131.71,30
11292,ADITIVOS E FLUIDOS,5,2.0,61.98,30
11292,LIMPEZA E CONSERVACAO,21,1.0,9.99,30
12777,COMBUSTIVEIS LIQUIDOS,1,845.0962,4954.99,30
12777,AGENTE REDUTOR,2,18.0,53.82,30
12777,LIMPEZA E CONSERVACAO,21,1.0,19.99,30
25398,COMBUSTIVEIS LIQUIDOS,1,1977.9918,11849.55,30
25398,LUBRIFICANTES,4,3.0,102.97,30
31870,COMBUSTIVEIS LIQUIDOS,1,2400.2817,14397.02,30
31870,AGENTE REDUTOR,2,20.0402,59.92,30
31870,LUBRIFICANTES,4,1.0,27.99,30
31870,ADITIVOS E FLUIDOS,5,1.0,30.99,30
34640,COMBUSTIVEIS LIQUIDOS,1,2283.1048,13698.99,30
34640,AGENTE REDUTOR,2,54.2008,249.06,30
34640,DIVERSOS GERAIS - VEICULOS,8,1.0,17.5,30
